Grid	Row Number	Column Letter	Quantitiy	Price	Retail Price	Brand	Description	Material	Tags
1	1	A	1	21.6	36	Halia	rose	sterling silver	nature
1	1	B	2	21.6	36	Halia	flower bouquet	sterling silver	nature
1	1	C	2	21.6	36	Halia	orchid	sterling silver	nature
1	1	D	1	21.6	36	Carlo Biagi	sunflower	sterling silver	nature
1	1	E	1	21.6	36	Halia	daisy	sterling silver	nature
1	1	F	2	21.6	36	Halia	edelweiss	sterling silver	nature
1	1	G	1	21.6	51	Novo	orchids	sterling silver	nature
1	1	H	1	21.6	36	Carlo Biagi	flower  	sterling silver	nature
1	1	I	1	21.6	36	Ohm	tulip	sterling silver	nature
1	1	J	1	21.6	36	Carlo Biagi	spruce tree	sterling silver	nature
1	2	A	1	21.6	36	Halia	sun burst	sterling silver	nature
1	2	B	2	21.6	36	Carlo Biagi	umbrella	sterling silver	nature
1	2	C	3	21.6	36	Carlo Biagi	rainbow	sterling silver	nature
1	2	D	2	21.6	36	Carlo Biagi	rose	sterling silver	nature
1	2	E	6	21.6	36	Halia	daisies	sterling silver	nature
1	2	F	1	21.6	36	*	four leaf clovers	sterling silver	nature
1	2	G	2	21.6	36	Halia	filegree flowers	sterling silver	nature
1	2	H	1	21.6	36	Carlo Biagi	small flowers	sterling silver	nature
1	2	I	2	21.6	36	Carlo Biagi	lotus flower band	sterling silver	nature
1	2	J	1	21.6	36	Ohm	daisies	sterling silver	nature
1	3	A	1	21.6	36	Moress	flowers	sterling silver	nature
1	3	B	1	21.6	47	Novo	flower and leaf	sterling silver	nature
1	3	C	1	21.6		Moress	flowers	sterling silver	nature
1	3	D	3	21.6	36	Carlo Biagi	flower basket	sterling silver	nature
1	3	E	1	31.2	52	Novo	flower bouquet	sterling silver	nature
1	3	F	1	31.2	52	Novo	mushrooms	sterling silver	nature
1	3	G	1	31.2	52	Novo	flower wreath	sterling silver	nature
1	3	H	2	21.6	36	Israelilink	dangle leaf	sterling silver	nature
1	3	I	1	21.6	36	Zable	floral bead	sterling silver	nature
1	3	J	2	21.6	36	Carlo Biagi	floral peace sign	sterling silver	nature
1	4	A	2	21.6	36	Ohm	mushroom house	sterling silver	nature
1	4	B	3	21.6	36	Carlo Biagi	mushroom	sterling silver	nature
1	4	C	2	21.6	36	Halia	acorn	sterling silver	nature
1	4	D	3	21.6	36	Ohm	acorn	sterling silver	nature
1	4	E	1	21.6	36	Zable	fern leaves	sterling silver	nature
1	4	F	1	21.6	36	Ohm	olive leaves*	sterling silver	nature
1	4	G	2	21.6	36	Ohm	maple leaves	sterling silver	nature
1	4	H	1	21.6	36	Ohm	fern 	sterling silver	nature
1	4	I	3	21.6	36	Carlo Biagi	leaves	sterling silver	nature
1	4	J	2	21.6	36	Carlo Biagi	ball of leaves	sterling silver	nature
1	5	A	1	21.6	36	Carlo Biagi	maple leaf	sterling silver	nature
1	5	B	2	21.6	36	Zable	owl in a tree	sterling silver	nature, animal, bird
1	5	C	2	21.6	36	Zable	bird in a tree	sterling silver	nature, animal, bird
1	5	D	1	21.6	36	Zable	watering can	sterling silver	flower, garden
1	5	E	1	21.6	36	Zable	leprechaun	sterling silver	fantasy, good luck charm
1	5	F	1	21.6	36	Zable	three leaf clover	sterling silver	nature
1	5	G	1	21.6	36	Zable	lg three leaf clover	sterling silver	nature
1	5	H	2	21.6	36	Carlo Biagi	three leaf clover	sterling silver	nature
1	5	I	1	21.6	36	Carlo Biagi	four leaf clover	sterling silver	nature
1	5	J	1	21.6	36	Halia	four leaf clover	sterling silver	nature
1	6	A	3	21.6	36	Halia	four leaf clover plain	sterling silver	nature
1	6	B	1	21.6	36	Zable	four leaf clover barrel	sterling silver	nature
1	6	C	1	21.6	36	Carlo Biagi	clover on shield	sterling silver	nature
1	6	D	1	21.6	36	Zable	floral	sterling silver	nature
1	6	E	1	21.6	36	Amore & Baci	flowers	sterling silver	nature
1	6	F	1	21.6	36	Zable	flowers	sterling silver	nature
1	6	G	1	21.6	36	Ohm	garden knome	sterling silver	nature
1	6	H	1	21.6	36	Zable	garden knome	sterling silver	nature
1	6	I	2	21.6	36	Ohm	garden fairy	sterling silver	nature
1	6	J	1	21.6	36	Carlo Biagi	garden fairy	sterling silver	nature
1	7	A	1	21.6	36	Carlo Biagi	garden fairy side view	sterling silver	nature
1	7	B	6	21.6	36	Zable	dragon fly & flowers	sterling silver	nature
1	7	C	3	21.6	36	Carlo Biagi	penguin	sterling silver	animals, nature
1	7	D	2	21.6	36	Carlo Biagi	owl	sterling silver 	animals, nature
1	7	E	3	21.6	36	Carlo Biagi	cartoon duck	sterling silver 	animals, nature
1	7	F	1	21.6	36	Carlo Biagi	rooster	sterling silver 	animals, nature
1	7	G	3	21.6	36	Ohm	wishing well	sterling silver	garden
1	7	H	2	28.8	48	Carlo Biagi	flower with red CZ	sterling silver & cubic zirconia	nature
1	7	I	3	28.8	48	Carlo Biagi	flower with purple CZ	sterling silver & cubic zirconia	nature
1	7	J	1	28.8	48	Carlo Biagi	daisy with red CZ	sterling silver & cubic zirconia	nature
2	1	A	1	28.8	48	Carlo Biagi	daisy with clear CZ	sterling silver & cubic zirconia	nature
2	1	B	2	28.8	48	Halia	flower block with clear CZ	sterling silver & cubic zirconia	nature
2	1	C	1	28.8	48	Halia	lacy flowers with clear CZ	sterling silver & cubic zirconia	nature
2	1	D	2	22.8	38	Halia	small flowers with clear CZ	sterling silver & cubic zirconia	nature
2	1	E	3	28.8	48	Carlo Biagi	flower with clear CZs	sterling silver & cubic zirconia	nature
2	1	F	2	28.8	48	Carlo Biagi	crescent moon and CZ stars	sterling silver & cubic zirconia	nature
2	1	G	3	28.8	48	Chamilia	chamilia flower, dark pink CZ	sterling silver & cubic zirconia	nature
2	1	H	1	28.8	48	Ohm	sweet pea with pink CZ	sterling silver & cubic zirconia	nature
2	1	I	1	28.8	48	Ohm	flower with center pink CZ	sterling silver & cubic zirconia	nature
2	1	J	1	28.8	48	Ohm	flower with center red CZ	sterling silver & cubic zirconia	nature
2	2	A	1	28.8	48	Ohm	flower with center clear CZ	sterling silver & cubic zirconia	nature
2	2	B	1	28.8	48	Ohm	flower with center blue CZ	sterling silver & cubic zirconia	nature
2	2	C	1	34.2	58	Carlo Biagi	pink CZ flower	sterling silver & cubic zirconia	nature
2	2	D	1	28.8	48	Carlo Biagi	dragonfly bead, clear & green CZs	sterling silver & cubic zirconia	nature
2	2	E	2	35.4	59	Chamilia	butterfly with pink CZs	sterling silver & cubic zirconia	nature
2	2	F	1	35.4	58	Carlo Biagi	bell flower with purple CZ dangle	sterling silver & cubic zirconia	nature
2	2	G	2	28.8	48	Halia	flowers and leaves with clear CZs	sterling silver & cubic zirconia	nature
2	2	H	2	28.8	48	Halia	daisy flowers with clear CZs	sterling silver & cubic zirconia	nature
2	2	I	3	34.2	57	Moress	pale blue enamel flower with dark swarovski	sterling silver, enamel & swarovski	nature
2	2	J	1	34.2	57	Moress	pale pink enamel flower with clear swarovski	sterling silver, enamel & swarovski	nature
2	3	A	1	36	60	Moress	stylized flower with red swarovski	sterling silver & swarovski	nature
2	3	B	1	36	60	Moress	stylized flower with black swarovski	sterling silver & swarovski	nature
2	3	C	1	36	60	Moress	stylized flower with pink swarovski	sterling silver & swarovski	nature
2	3	D	1	36	60	Moress	stylized flower with yellow swarovski	sterling silver & swarovski	nature
2	3	E	1	36	60	Moress	small flowers with pink swarovski	sterling silver & swarovski	nature
2	3	F	1	36	60	Moress	small flowers with red swarovski	sterling silver & swarovski	nature
2	3	G	2	36	60	Moress	small flowers with fushia swarovski	sterling silver & swarovski	nature
2	3	H	1	21.6	36	Amore & Baci	bird	sterling silver	animals, birds
2	3	I	1	25.8	43	Zable	enamel rainbow and clouds	sterling silver & enamel	nature
2	3	J	1	21.6	36	Carlo Biagi	eagle	sterling silver	animals, birds
2	4	A	3	25.8	43	Chamilia	pink enamel zinnia	sterling silver & enamel	nature
2	4	B	1	25.8	43	Chamilia	burgandy enamel zinnia	sterling silver & enamel	nature
2	4	C	2	21.6	36	Carlo Biagi	hen	sterling silver 	animals, birds
2	4	D	2	21.6	36	Amore & baci	dove	sterling silver	animals, birds
2	4	E	1	21.6	36	*	peacock	sterling silver	animals, birds
2	4	F	1	24	40	Moress	bird	sterling silver	animals, birds
2	4	G	1	21.6	36	Novo	penguins	sterling silver 	animals, birds
2	4	H	1	21.6	36	Novo	bird	sterling silver 	animals, birds
2	4	I	1	21.6	36	Zable	swan	sterling silver 	animals, birds
2	4	J	2	21.56	36	Zable	owl	sterling silver 	animals, birds
2	5	A	1	36	60	Moress	light blue enamel fern	sterling silver & enamel	nature
2	5	B	2	25.8	43	Zable	red enamel hibiscus	sterling silver & enamel	nature
2	5	C	1	36	60	Moress	light green enamel fern	sterling silver & enamel	nature
2	5	D	1	34.2	57	Moress	pink and purple enamel flowers	sterling silver & enamel	nature
2	5	E	1	34.2	57	Moress	purple and green enamel flower	sterling silver & enamel	nature
2	5	F	1	34.2	57	Moress	white enamel flower	sterling silver & enamel	nature
2	5	G	1	34.25	57	Moress	black enamel with silver flowers	sterling silver & enamel	nature
2	5	H	1	48	80	Moress	pale green enamel with silver flowers and pink swarovski	sterling silver, enamel & swarovski	nature
2	5	I	3	48	80	Moress	pale yellow enamel with silver flowers and yellow swarovski	sterling silver, enamel & swarovski	nature
2	5	J	2	48	80	Moress	pale yellow enamel with silver flowers and pink swarovski	sterling silver, enamel & swarovski	nature
2	6	A	1	48	80	Moress	beige enamel with silver flowers and pink swarovski	sterling silver, enamel & swarovski	nature
2	6	B	3	34.2	57	Moress	pale yellow enamel with silver tulips	sterling silver, enamel & swarovski	nature
2	6	C	1	34.2	57	Moress	pale pink enamel with silver tulips	sterling silver, enamel & swarovski	nature
2	6	D	2	34.2	57	Moress	turquoise enamel with silver tulip	sterling silver, enamel & swarovski	nature
2	6	E	4	48	80	Moress	enamel and swarovski daisy	sterling silver, enamel & swarovski	nature
2	6	F	2	52.8	88	Moress	pink enamel with silver flowers and yellow swarovski	sterling silver, enamel & swarovski	nature
2	6	G	1	52.8	88	Moress	pale blue enamel with silver flowers and clear swarovski	sterling silver, enamel & swarovski	nature
2	6	H	2	28.8	48	Chamilia	celebrations December birthstone, blue	sterling silver & cubic zirconia	birthstones
2	6	I	4	28.8	48	Chamilia	celebrations October birthstone, pink	sterling silver & cubic zirconia	birthstones
2	6	J	1	28.8	48	Chamilia	celebrations August birthstone, light green	sterling silver & cubic zirconia	birthstones
2	7	A	2	28.8	48	Chamilia	celebrations February birthstone, purple	sterling silver & cubic zirconia	birthstones
2	7	B	1	28.8	48	Chamilia	celebrations July birthstone, red	sterling silver & cubic zirconia	birthstones
2	7	C	2	28.8	48	Chamilia	July birthstone ring, red	sterling silver & cubic zirconia	birthstones
2	7	D	1	28.8	48	Chamilia	November birthstone ring, champagne	sterling silver & cubic zirconia	birthstones
2	7	E	1	21.6	36	Ohm	silver seaweed with purple CZs	sterling silver & cubic zirconia	sea
2	7	F	1	21.6	36	Ohm	silver flame with clear CZs	sterling silver & cubic zirconia	nature
2	7	G	1	28.8	48	Chamilia	February birthstone heart, purple	sterling silver & cubic zirconia	birthstones
2	7	H	1	28.8	48	Chamilia	January birthsone heart, dark red	sterling silver & cubic zirconia	birthstones
2	7	I	1	28.8	48	Chamilia	March birthstone heart, aqua	sterling silver & cubic zirconia	birthstones
2	7	J	1	21.6	36	Ohm	vines with amber CZs	sterling silver & cubic zirconia	nature
3	1	A	5	28.8	48	Halia	January birthstone 4 CZs, dark red	sterling silver & cubic zirconia	birthstones
3	1	B	5	28.8	48	Halia	February birthstone 4 CZs, purple	sterling silver & cubic zirconia	birthstones
3	1	C	2	28.8	48	Halia	March birthstone 4 CZs, aqua	sterling silver & cubic zirconia	birthstones
3	1	D	1	28.8	48	Halia	April birthstone 4 CZs, clear	sterling silver & cubic zirconia	birthstones
3	1	E	3	28.8	48	Halia	May birthstone 4 CZs, green	sterling silver & cubic zirconia	birthstones
3	1	F	1	28.8	48	Halia	September birthstone 4 CZs, blue	sterling silver & cubic zirconia	birthstones
3	1	G	4	28.8	48	Halia	November birthstone 4 CZs, champagne	sterling silver & cubic zirconia	birthstones
3	1	H	1	28.8	48	Halia	January birthstone 4 CZs, dark red	sterling silver & cubic zirconia	birthstones
3	1	I	1	28.8	48	Halia	March birthstone 4 CZs, aqua	sterling silver & cubic zirconia	birthstones
3	1	J	2	28.8	48	Halia	August birthstone 4 CZs, olive green	sterling silver & cubic zirconia	birthstones
3	2	A	2	28.8	48	Halia	June birthstone 4 CZs, light purple	sterling silver & cubic zirconia	birthstones
3	2	B	1	28.8	48	Halia	July birthstone 4 CZs, red	sterling silver & cubic zirconia	birthstones
3	2	C	2	28.8	48	Halia	October birthtstone 4 CZs, pink	sterling silver & cubic zirconia	birthstones
3	2	D	1	28.8	48	Halia	November birthstone 4 CZs, yellow	sterling silver & cubic zirconia	birthstones
3	2	E	2	28.8	48	Halia	December birthstone 4 CZs, light blue	sterling silver & cubic zirconia	birthstones
3	2	F	1	28.8	48	Carlo Biagi	January birthstone eye, dark red	sterling silver & cubic zirconia	birthstones
3	2	G	4	28.8	48	Carlo Biagi	February birthstone eye, purple	sterling silver & cubic zirconia	birthstones
3	2	H	2	28.8	48	Carlo Biagi	April birthstone eye, clear	sterling silver & cubic zirconia	birthstones
3	2	I	1	28.8	48	Carlo Biagi	May birthstone eye, green	sterling silver & cubic zirconia	birthstones
3	2	J	2	28.8	48	Carlo Biagi	June birthstone eye, pearl	sterling silver & faux pearl	birthstones
3	3	A	3	28.8	48	Carlo Biagi	July birthstone eye, red	sterling silver & cubic zirconia	birthstones
3	3	B	1	28.8	48	Carlo Biagi	September birthstone eye, blue	sterling silver & cubic zirconia	birthstones
3	3	C	2	28.8	48	Carlo Biagi	October birthstone eye, pink	sterling silver & cubic zirconia	birthstones
3	3	D	1	28.8	48	Carlo Biagi	November birthstone eye, yellow	sterling silver & cubic zirconia	birthstones
3	3	E	1	28.8	48	Carlo Biagi	December birthstone eye, light blue	sterling silver & cubic zirconia	birthstones
3	3	F	1	28.8	48	Carlo Biagi	February birthstone wheel, purple	sterling silver & cubic zirconia	birthstones
3	3	G	5	28.8	48	Carlo Biagi	June birthstone wheel, light purple	sterling silver & cubic zirconia	birthstones
3	3	H	2	28.8	48	Carlo Biagi	September birthstone wheel, blue	sterling silver & cubic zirconia	birthstones
3	3	I	4	28.8	48	Carlo Biagi	October birthstone wheel, pink	sterling silver & cubic zirconia	birthstones
3	3	J	3	28.8	48	Carlo Biagi	November birthstone wheel, yellow	sterling silver & cubic zirconia	birthstones
3	4	A	2	28.8	48	Carlo Biagi	December birthstone wheel, light blue	sterling silver & cubic zirconia	birthstones
3	4	B	1	34.2	58	Halia	January birthstone diamonds, red	sterling silver & cubic zirconia	birthstones
3	4	C	1	34.2	58	Halia	February birthstone diamonds, purple	sterling silver & cubic zirconia	birthstones
3	4	D	1	34.2	58	Halia	August birthstone diamonds, olive green	sterling silver & cubic zirconia	birthstones
3	4	E	3	34.2	58	Halia	October birthstone diamonds, pink	sterling silver & cubic zirconia	birthstones
3	4	F	1	28.8	48	Halia	January birthstone narrow diamonds, red	sterling silver & cubic zirconia	birthstones
3	4	G	1	28.8	48	Halia	March birthstone narrow diamonds, aqua	sterling silver & cubic zirconia	birthstones
3	4	H	1	28.8	48	Halia	August birthstone narrow diamonds,light green	sterling silver & cubic zirconia	birthstones
3	4	I	1	28.8	48	Halia	narrow diamonds, orange	sterling silver & cubic zirconia	birthstones
3	4	J	1	34.2	58	Halia	February oval birthstone, purple	sterling silver & cubic zirconia	birthstones
3	5	A	2	34.2	58	Halia	March oval birthstone, aqua	sterling silver & cubic zirconia	birthstones
3	5	B	2	34.2	58	Halia	April oval birthstone, clear	sterling silver & cubic zirconia	birthstones
3	5	C	3	34.2	58	Halia	May oval birthstone, green	sterling silver & cubic zirconia	birthstones
3	5	D	2	34.2	58	Halia	June oval birthstone, light purple	sterling silver & cubic zirconia	birthstones
3	5	E	1	34.2	58	Halia	July oval birthstone, fushia	sterling silver & cubic zirconia	birthstones
3	5	F	1	34.2	58	Halia	August oval birthstone, olive green	sterling silver & cubic zirconia	birthstones
3	5	G	2	34.2	58	Halia	September oval birthstone, blue	sterling silver & cubic zirconia	birthstones
3	5	H	1	34.2	58	Halia	October oval birthstone, pink	sterling silver & cubic zirconia	birthstones
3	5	I	2	34.2	58	Halia	November oval birthstone, champagne	sterling silver & cubic zirconia	birthstones
3	5	J	2	34.2	58	Halia	April oval birthstone, clear	sterling silver & cubic zirconia	birthstones
3	6	A	1	34.2	58	Halia	February oval birthstone, purple	sterling silver & cubic zirconia	birthstones
3	6	B	2	34.2	58	Halia	April round birthstone, clear	sterling silver & cubic zirconia	birthstones
3	6	C	1	34.2	58	Halia	October round birthstone, pink	sterling silver & cubic zirconia	birthstones
3	6	D	2	28.8	48	Halia	Decorative, clear CZs	sterling silver & cubic zirconia	decorative
3	6	E	1	28.8	48	Halia	Decorative, clear CZs	sterling silver & cubic zirconia	decorative
3	6	F	2	28.8	48	Halia	Decorative, pink and clear CZs	sterling silver & cubic zirconia	decorative
3	6	G	1	28.8	48	Halia	pearl dangle	sterling silver & freshwater pearl	birthstones
3	6	H	1	33	55	Moress	January birthstone, star dangle swarovski, dark red	sterling silver & swarovski	birthstones
3	6	I	2	33	55	Moress	April birthstone, star dangle swarovski, clear	sterling silver & swarovski	birthstones
3	6	J	2	33	55	Moress	May birthstone, star dangle swarovski, green	sterling silver & swarovski	birthstones
3	7	A	2	33	55	Moress	June birthstone, star dangle swarovski, light purple	sterling silver & swarovski	birthstones
3	7	B	3	33	55	Moress	October birthstone, star dangle swarovski, pink	sterling silver & swarovski	birthstones
3	7	C	5	33	55	Moress	November birthstone, star dangle swarovski, champagne	sterling silver & swarovski	birthstones
3	7	D	1	33	55	Moress	September birthstone, star dangle swarovski, blue	sterling silver & swarovski	birthstones
3	7	E	1	33	55	Moress	silver gift bag with yellow heart dangle swarovski	sterling silver & swarovski	birthstones
3	7	F	5	36	60	Ohm	January oval birthstone, dark red CZs	sterling silver & cubic zirconia	birthstones
3	7	G	1	36	60	Ohm	March oval birthstone, aqua CZs	sterling silver & cubic zirconia	birthstones
3	7	H	1	36	60	Ohm	September oval birthstone, blue CZs	sterling silver & cubic zirconia	birthstones
3	7	I	2	36	60	Ohm	November oval birthstone, orange  CZs	sterling silver & cubic zirconia	birthstones
3	7	J	1	36	60	Moress	decorative swirls, light blue swarovski	sterling silver & cubic zirconia	decorative
4	1	A	2	36	60	Moress	decorative swirls, clear swarovski	sterling silver & cubic zirconia	decorative
4	1	B	2	36	60	Moress	decorative swirls, pink swarovski	sterling silver & cubic zirconia	decorative
4	1	C	2	36	60	Moress	decorative swirls, champagne swarovski	sterling silver & cubic zirconia	decorative
4	1	D	3	36	60	Zable	January oval birthstone, dark red CZs	sterling silver & cubic zirconia	birthstones
4	1	E	1	36	60	Zable	December oval birthstone, light blue CZs	sterling silver & cubic zirconia	birthstones
4	1	F	2	36	60	Zable	April oval birthstone, clear CZs	sterling silver & cubic zirconia	birthstones
4	1	G	1	36	60	Zable	June oval birthstone, light purple CZs	sterling silver & cubic zirconia	birthstones
4	1	H	1	36	60	Zable	October oval birthstone, pink CZs	sterling silver & cubic zirconia	birthstones
4	1	I	3	36	60	Zable	August oval birthstone, light green CZs	sterling silver & cubic zirconia	birthstones
4	1	J	3	36	60	Zable	November oval birthstone, yellow CZs	sterling silver & cubic zirconia	birthstones
4	2	A	1	36	60	Zable	April teardrop birthstone, clear CZs	sterling silver & cubic zirconia	birthstones
4	2	B	1	36	60	Zable	October teardrop birthston, pink CZs	sterling silver & cubic zirconia	birthstones
4	2	C	1	28.8	48	Zable	Cherries on a stem, CZs and enamel	sterling silver & cubic zirconia	food & beverage
4	2	D	2	28.8	48	Zable	Decorative clear CZs	sterling silver & cubic zirconia	decorative
4	2	E	1	28.8	48	Zable	flower with clear CZs	sterling silver & cubic zirconia	nature
4	2	F	1	22.8	38	Chamilia	silver ring with clear swarovski	sterling silver & swarovski	decorative
4	2	G	2	21	35	Ohm	February round birthstone, purple CZs	sterling silver & cubic zirconia	birthstones
4	2	H	2	21	35	Ohm	October round birthstone, pink CZs	sterling silver & cubic zirconia	birthstones
4	2	I	1	21	35	Ohm	December round swirl birthstone, light blue CZs	sterling silver & cubic zirconia	birthstones
4	2	J	1	21	35	Ohm	October round swirl birthstone, pink CZs	sterling silver & cubic zirconia	birthstones
4	3	A	1	21	35	Ohm	April round swirl birthstone, clear CZs	sterling silver & cubic zirconia	birthstones
4	3	B	2	21	35	Ohm	July round birthstone, red CZs	sterling silver & cubic zirconia	birthstones
4	3	C	1	21	35	Ohm	January round birthstone, dark red CZs	sterling silver & cubic zirconia	birthstones
4	3	D	1	21	35	Ohm	June round birthstone, light purple CZs	sterling silver & cubic zirconia	birthstones
4	3	E	1	21	35	Ohm	orange round CZs	sterling silver & cubic zirconia	birthstones
4	3	F	1	21	35	Ohm	March round birthstone, aqua CZs	sterling silver & cubic zirconia	birthstones
4	3	G	4	25.2	42	Chamilia	silver square with fushia swarovski	sterling silver & swarovski	decorative
4	3	H	1	25.2	42	Chamilia	silver ball with fushia swarovski	sterling silver & swarovski	decorative
4	3	I	1	28.8	48	Ohm	decorative with clear and pink CZs	sterling silver & cubic zirconia	decorative
4	3	J	1	28.8	48	Ohm	decorative double row light green CZs	sterling silver & cubic zirconia	decorative
4	4	A	1	28.8	48	Ohm	retangular red and clear CZs	sterling silver & cubic zirconia	decorative
4	4	B	2	28.8	48	Ohm	"water" with blue CZs	sterling silver & cubic zirconia	nature
4	4	C	1	28.8	48	Ohm	"earth" with amber CZs	sterling silver & cubic zirconia	nature
4	4	D	1	28.8	48	Ohm	"fire" with red CZs	sterling silver & cubic zirconia	nature
4	4	E	2	28.8	48	Zable	spacer with purple CZs	sterling silver & cubic zirconia	spacer
4	4	F	1	28.8	48	Zable	spacer with clear CZs	sterling silver & cubic zirconia	spacer
4	4	G	1	28.8	48	Halia	February round birthstone, purple CZs	sterling silver & cubic zirconia	birthstones
4	4	H	2	28.8	48	Halia	April round birthstone, clear Czs	sterling silver & cubic zirconia	birthstones
4	4	I	2	28.8	48	Halia	January round birthstone, dark red CZs	sterling silver & cubic zirconia	birthstones
4	4	J	2	28.8	48	Halia	decorative with clear CZs	sterling silver & cubic zirconia	decorative
4	5	A	2	28.8	48	Carlo Biagi	decorative with clear CZs	sterling silver & cubic zirconia	decorative
4	5	B	1	28.8	48	Carlo Biagi	decorative with clear CZs, snowflake	sterling silver & cubic zirconia	decorative, nature
4	5	C	2	28.8	48	Carlo Biagi	decorative diamond with clear oval CZs	sterling silver & cubic zirconia	decorative
4	5	D	1	28.8	48	Carlo Biagi	decorative wtih clear CZs	sterling silver & cubic zirconia	decorative
4	5	E	3	28.8	48	Carlo Biagi	decorative ball with clear CZs	sterling silver & cubic zirconia	decorative
4	5	F	3	28.8	48	Carlo Biagi	decorative with clear CZs	sterling silver & cubic zirconia	decorative
4	5	G	1	28.8	48	Carlo Biagi	decorative ball with clear CZs	sterling silver & cubic zirconia	decorative
4	5	H	1	28.8	48	Carlo Biagi	decoartive drum with clear CZs	sterling silver & cubic zirconia	decorative
4	5	I	1	28.8	48	Carlo Biagi	decoartive knot with clear CZs	sterling silver & cubic zirconia	decorative
4	5	J	2	28.8	48	Halia	decorative sunburst wtih clear CZs	sterling silver & cubic zirconia	decorative, nature
4	6	A	1	28.8	48	Halia	decorative ball with clear CZs	sterling silver & cubic zirconia	decorative
4	6	B	2	28.8	48	Halia	decorative barrel with clear CZs	sterling silver & cubic zirconia	decorative
4	6	C	1	28.8	48	Halia	decorative lines with clear CZs, April	sterling silver & cubic zirconia	decorative
4	6	D	2	28.8	48	Halia	decorative swirls with clear CZs	sterling silver & cubic zirconia	decorative
4	6	E	1	28.8	48	Ohm	decorative with light blue CZs, snowflake	sterling silver & cubic zirconia	decorative
4	6	F	2	28.8	48	Halia	decorative with clear CZs	sterling silver & cubic zirconia	decorative
4	6	G	2	28.8	48	Halia	decorative rope design with clear and red CZs	sterling silver & cubic zirconia	decorative
4	6	H	1	28.8	48	Halia	decorative rope design with clear and aqua blue CZs	sterling silver & cubic zirconia	decorative
4	6	I	1	28.8	48	Halia	decorative barrel with clear CZs	sterling silver & cubic zirconia	decorative
4	6	J	2	28.8	48	Ohm	decorative twist wtih clear CZs	sterling silver & cubic zirconia	decorative
4	7	A	5	37.2	62	Chamilia	decorative with clear CZs, "Royal"	sterling silver & cubic zirconia	decorative
4	7	B	2	37.2	62	Chamilia	decorative with clear and pink CZs, "Circle & Square"	sterling silver & cubic zirconia	decorative
4	7	C	2	37.2	62	Chamilia	decorative with aqua blue CZs, "Cat eyes"	sterling silver & cubic zirconia	decorative
4	7	D	1	37.2	62	Chamilia	decoraive with clear and aqua blue CZs, "Circle & square"	sterling silver & cubic zirconia	decorative
4	7	E	1	28.8	48	Chamilia	decorative ring with pink CZs, "Pink balls"	sterling silver & cubic zirconia	decorative
4	7	F	1	37.2	62	Chamilia	decorative diamond with round pink CZs	sterling silver & cubic zirconia	decorative
4	7	G	2	37.2	62	Chamilia	decorative diamond with round clear CZs	sterling silver & cubic zirconia	decorative
4	7	H	1	37.2	62	Chamilia	decorative diamond with round aqua blue CZs	sterling silver & cubic zirconia	decorative
4	7	I	1	28.8	48	Carlo Biagi	decorative zigzag with pink and clear CZs	sterling silver & cubic zirconia	decorative
4	7	J	2	28.8	48	Carlo Biagi	decorative zigzag with red CZs	sterling silver & cubic zirconia	decorative
5	1	A	2	28.8	48	Carlo Biagi	decorative zigzag with black CZs	sterling silver & cubic zirconia	decorative
5	1	B	1	28.8	48	Carlo Biagi	decorative bullseye with pink CZs	sterling silver & cubic zirconia	decorative
5	1	C	1	28.8	48	Carlo Biagi	decorative 3 sided rope design with clear CZs	sterling silver & cubic zirconia	decorative
5	1	D	1	28.8	48	Carlo Biagi	decorative triple ring with red, pink and clear CZs	sterling silver & cubic zirconia	decorative
5	1	E	1	28.8	48	Carlo Biagi	decorative triple ring with pink CZs	sterling silver & cubic zirconia	decorative
5	1	F	2	28.8	48	Carlo Biagi	decorative triple ring with clear and pink CZs	sterling silver & cubic zirconia	decorative
5	1	G	2	28.8	48	Carlo Biagi	decorative spiral knot with pink CZs	sterling silver & cubic zirconia	decorative
5	1	H	1	28.8	48	Carlo Biagi	decorative spiral knot with clear CZs	sterling silver & cubic zirconia	decorative
5	1	I	1	28.8	48	Carlo Biagi	decorative spiral knot with clear CZs	sterling silver & cubic zirconia	decorative
5	1	J	2	28.8	48	Carlo Biagi	decorative criss cross ball with clear CZs	sterling silver & cubic zirconia	decorative
5	2	A	1	28.8	48	Halia	decorative with clear CZs, "Wishful Thinking"	sterling silver & cubic zirconia	decorative
5	2	B	1	28.8	48	Halia	decorative with pink CZs, "Pink Wishful Thinking"	sterling silver & cubic zirconia	decorative
5	2	C	2	28.8	48	Halia	decorative cylinder with clear CZs,  "Determination"	sterling silver & cubic zirconia	decorative
5	2	D	1	43.2	72	Chamilia	decorative rope design with clear CZs, "Rope"	sterling silver & cubic zirconia	decorative
5	2	E	1	28.8	48	Chamilia	decorative with light green CZs, "Celtic Knot"	sterling silver & cubic zirconia	decorative
5	2	F	2	28.8	48	Chamilia	decorative with clear CZs, "Flower Gem"	sterling silver & cubic zirconia	decorative
5	2	G	1	28.8	48	Carlo Biagi	decorative ball with silver band and clear CZs	sterling silver & cubic zirconia	decorative
5	2	H	1	34.2	58	Carlo Biagi	decorative barrel with ring of clear CZs	sterling silver & cubic zirconia	decorative
5	2	I	1	28.8	48	Carlo Biagi	decorative ball with lines and circles, clear CZs	sterling silver & cubic zirconia	decorative
5	2	J	1	28.8	48	Carlo Biagi	decorative swirly ball with clear CZs	sterling silver & cubic zirconia	decorative
5	3	A	1	28.8	48	Carlo Biagi	decorative diver bell with clear CZs	sterling silver & cubic zirconia	decorative
5	3	B	1	28.8	48	Carlo Biagi	decoartive flower with clear CZs	sterling silver & cubic zirconia	decorative
5	3	C	1	22.8	38	Halia	decorative cylinder with clear CZs,  "Charmed, I'm Sure"	sterling silver & cubic zirconia	decorative
5	3	D	2	28.8	48	Halia	decorative barrel with clear CZ ring, "Dazzling Smile"	sterling silver & cubic zirconia	decorative
5	3	E	1	28.8	48	Halia	decorative square with clear CZs, "Modern Woman"	sterling silver & cubic zirconia	decorative
5	3	F	1	31.8	53	Chamilia	decorative knot with Umber swarovski, "Regale"	sterling silver & swarovski	decorative
5	3	G	2	31.8	53	Chamilia	decorative knot with verde green swarovski, "Regale"	sterling silver & swarovski	decorative
5	3	H	1		*	Chyopia	decorative double row yellow CZs	sterling silver & cubic zirconia	decorative
5	3	I	1			Chyopia	decorative double row clear and light blue CZs	sterling silver & cubic zirconia	decorative
5	3	J	1			Chyopia	decorative double row light blue CZs	sterling silver & cubic zirconia	decorative
5	4	A	1			Chyopia	decorative double row clear and black CZs	sterling silver & cubic zirconia	decorative
5	4	B	1	28.8	48	Ohm	decorative with aqua blue stones, "Triple Threat"	sterling silver and man made stone	decorative
5	4	C	2	28.8	48	Ohm	decorative with green stones, "Triple Threat"	sterling silver and man made stone	decorative
5	4	D	2	28.8	48	Ohm	decorative with pink stones, "Triple Threat"	sterling silver and man made stone	decorative
5	4	E	*	*	*	*	*	sterling silver and man made stone	decorative
5	4	F	1	28.8	48	Ohm	decorative with yellow stones, "Triple Threat"	sterling silver and man made stone	decorative
5	4	G	3	30	50	Ohm	decorative with orange CZs, "Princess"	sterling silver & cubic zirconia	decorative
5	4	H	1	30	50	Ohm	decorative with olive green and clear CZs, "Princess"	sterling silver & cubic zirconia	decorative
5	4	I	1	30	50	Ohm	decorative with emerald green CZs, "Princess"	sterling silver & cubic zirconia	decorative
5	4	J	1	30	50	Ohm	decorative with pink CZs, "Princess"	sterling silver & cubic zirconia	decorative
5	5	A	1	42	70	Moress	decorative ring with pale pink swarovski	sterling silver & swarovski	decorative
5	5	B	1	42	70	Moress	decorative ring with yellow swarovski	sterling silver & swarovski	decorative
5	5	C	1	33	55	Moress	decorative spacer with fushia swarovski	sterling silver & swarovski	decorative
5	5	D	1	33	55	Moress	decorative spacer with yellow swarovski	sterling silver & swarovski	decorative
5	5	E	1	33	55	Moress	decorative spacer with black swarovski	sterling silver & swarovski	decorative
5	5	F	1	33	55	Moress	decorative spacer with orange swarovski	sterling silver & swarovski	decorative
5	5	G	1	33	55	Moress	decorative spacer with light green swarovski,	sterling silver & swarovski	decorative
5	5	H	1	33	55	Moress	decorative spacer with lime green swarovski	sterling silver & swarovski	decorative
5	5	I	1	33	55	Moress	decorative spacer with fushia swarovski	sterling silver & swarovski	decorative
5	5	J	1	33	55	Moress	decorative spacer with light purple swarovski, June	sterling silver & swarovski	decorative
5	6	A	1	33	55	Moress	decorative spacer with yellow swarovski	sterling silver & swarovski	decorative
5	6	B	1	33	55	Moress	decorative spacer with light green swarovski,	sterling silver & swarovski	decorative
5	6	C	1	33	55	Moress	decorative spacer with dark purple swarovski, February	sterling silver & swarovski	decorative
5	6	D	1	34.8	58	Halia	decorative spacer with clear CZs, "Vitality Sublime"	sterling silver & cubic zirconia	decorative
5	6	E	2	34.8	58	Halia	decorative spacer with aqua blue CZs, "Light Blue Vitality Sublime", March	sterling silver & cubic zirconia	decorative
5	6	F	3	34.8	58	Halia	decorative spacer with dark red CZs "Red Vitality Sublime", January	sterling silver & cubic zirconia	decorative
5	6	G	2	34.8	58	Halia	decorative spacer with blue CZs, "Dark Blue Vitality Sublime	sterling silver & cubic zirconia	decorative
5	6	H	3	34.8	58	Halia	decorative spacer with purple CZs, "Violet Vitality Sublime"	sterling silver & cubic zirconia	decorative
5	6	I	1	33	55	Moress	decorative spacer with champagne swarovski	sterling silver & swarovski	decorative
5	6	J	* 	*	*	*	*		decorative
5	7	A	2		*	Ohm	decorative double ring with brown stones	sterling silver and man made stone	decorative
5	7	B	1	37.2	62	Moress	decorative lines with champagne swarovski	sterling silver & swarovski	decorative
5	7	C	4	36	60	Moress	decorative eye with clear swarovski	sterling silver & swarovski	decorative
5	7	D	2	36	60	Moress	decorative x & o with clear swarovski	sterling silver & swarovski	decorative
5	7	E	2	36	60	Moress	decorative x & o with champagne swarovski	sterling silver & swarovski	decorative
5	7	F	1	43.2	72	Moress	decorative swirls with orange swarovski	sterling silver & swarovski	decorative
5	7	G	1	36	60	Moress	decorative lines with clear swarovski	sterling silver & swarovski	decorative
5	7	H	1	36	60	Moress	decorative lines with champagne swarovski	sterling silver & swarovski	decorative
5	7	I	1	34.8	58	Carlo Biagi	decorative cylinder with 2 rows of clear CZs	sterling silver & cubic zirconia	decorative
5	7	J	1	34.8	58	Carlo Biagi	decorative wheel with clear CZs	sterling silver & cubic zirconia	decorative
6	1	A	1	28.8	48	Carlo Biagi	decorative barrel with blue CZs	sterling silver & cubic zirconia	decorative
6	1	B	1	28.8	48	Carlo Biagi	decorative drum with squares and clear CZs	sterling silver & cubic zirconia	decorative
6	1	C	1	31.2	52	Carlo Biagi	decorative wheel with rectangular light amber CZs	sterling silver & cubic zirconia	decorative
6	1	D	1	55.2	92	Moress	decorative textured ball with orange and champagne swarovski	sterling silver & swarovski	decorative
6	1	E	4	38.4	64	Chamilia	decorative barrel with spinner and fushia swarovski, "Stella"	sterling silver & cubic zirconia	decorative
6	1	F	1	28.8	48	Chamilia	decorative bead with pink cabochon, "Cabochon Purple"	sterling silver & cubic zirconia	decorative
6	1	G	1	37.2	62	Chamilia	decorative ball with purple swarovski, "Disco"	sterling silver & swarovski	decorative
6	1	H	2	41.4	69	Chamilia	decorative barrel with yellow CZs, "Jeweled Petals"	sterling silver & cubic zirconia	decorative
6	1	I	1	43.2	72	Chamilia	decorative barrel with oval aqua blue CZs, "Ovals"	sterling silver & cubic zirconia	decorative
6	1	J	2	43.2	72	Chamilia	decorative barrel with oval clear CZs, "Ovals"	sterling silver & cubic zirconia	decorative
6	2	A	3	43.2	72	Chamilia	decorative ball with line of fushia swarovski, "Cosmo"	sterling silver & swarovski	decorative
6	2	B	1	43.2	72	Chamilia	decorative ball with line of yelllow swarovski, "Cosmo"	sterling silver & swarovski	decorative
6	2	C	1	45	75	Halia	decorative ball with 2 diamonds 0.015 ct, "Brilliant Venus"	sterling silver and diamond	decorative
6	2	D	1	45	75	Halia	decorative filegree ball with 2 diamonds 0.01 ct, "Girl's Best Friend"	sterling silver and diamond	decorative
6	2	E	1	45	75	Halia	decorative barrel with cutout stars & 2 diamonds 0.01 ct, "Falling Star"	sterling silver and diamond	decorative
6	2	F	1	45	75	Halia	decorative ring with ovals & 2 diamonds 0.015 ct, "Unbreakable"	sterling silver and diamond	decorative
6	2	G	1	45	75	Halia	decorative cylinder with hearts & 2 diamonds 0.015 ct, "Heart of the Matter"	sterling silver and diamond	decorative
6	2	H	1	45	75	Halia	flower with 2 diamonds 0.015 ct, "Growing in Style"	sterling silver and diamond	decorative
6	2	I	1	45	75	Chamilia	decorative barrel with spinner and red swarovski, "Palazzo"	sterling silver & swarovski	decorative
6	2	J	2	45	75	Chamilia	decorative barrel with spinner and green swarovski, "Palazzo"	sterling silver & swarovski	decorative
6	3	A	2	45	75	Chamilia	decorative bead with yellow, clear and opalescent swarovski, "Jeweled Kaleidoscope"	sterling silver & swarovski	decorative
6	3	B	2	45	75	Chamilia	decorative bead with multicolored swarovski, "Jeweled Kaleidoscope"	sterling silver & swarovski	decorative
6	3	C	1	45	75	Chamilia	decorative bead with dark and light purple swarovski, "Jeweled Kaleidoscope"	sterling silver & swarovski	decorative
6	3	D	1	28.8	48	Halia	decorative checkered cylinder with clear CZs, "Geometric Sparkle"	sterling silver & cubic zirconia	decorative
6	3	E	1	40.8	68	Halia	decorative ball with lines and bands of clear CZs, "Pegasus Ascends"	sterling silver & cubic zirconia	decorative
6	3	F	2	55.2	92	Moress	decorative ball with hearts and yellow, light green & clear swarovski	sterling silver & swarovski	decorative
6	3	G	2	54	90	Moress	decorative ball with clear swarovski	sterling silver & swarovski	decorative
6	3	H	1	55.2	92	Moress	decorative ball with hearts and clear, light blue and pink swarovski	sterling silver & swarovski	decorative
6	3	I	2	54	90	Moress	decorative ball wth clear and pink swarovski	sterling silver & swarovski	decorative
6	3	J	2	54	90	Moress	decorative ball wth clear and orange swarovski	sterling silver & swarovski	decorative
6	4	A	1	69	115	Moress	decorative ball with clear swarovski	sterling silver & swarovski	decorative
6	4	B	1	69	115	Moress	decorative ball with clear, purple and pink swarovski	sterling silver & swarovski	decorative
6	4	C	1	69	115	Moress	decorative ball with clear, yellow and orange swarovski	sterling silver & swarovski	decorative
6	4	D	2	31.2	52	Beadles	decorative pave bead with light green swarovski	sterling silver & swarovski	decorative
6	4	E	2	31.2	52	Beadles	decorative pave bead with yellow swarovski	sterling silver & swarovski	decorative
6	4	F	5	31.2	52	Beadles	decorative pave bead with green swarovski	sterling silver & swarovski	decorative
6	4	G	3	31.2	52	Beadles	decorative pave bead with metalic olive green swarovski	sterling silver & swarovski	decorative
6	4	H	3	31.2	52	Beadles	decorative pave bead with amber swarovski	sterling silver & swarovski	decorative
6	4	I	1	31.2	52	Beadles	decorative pave bead with brown swarovskil	sterling silver & swarovski	decorative
6	4	J	2	31.2	52	Beadles	decorative pave bead with light blue swarovski	sterling silver & swarovski	decorative
6	5	A	1	31.2	52	Beadles	decorative pave bead with metalic black swarovski	sterling silver & swarovski	decorative
6	5	B	1	31.2	52	Beadles	decorative pave bead with black swarovski	sterling silver & swarovski	decorative
6	5	C	6	31.2	52	Beadles	decorative pave bead with pink swarovski	sterling silver & swarovski	decorative
6	5	D	2	31.2	52	Beadles	decorative pave bead with pink and black swarovski	sterling silver & swarovski	decorative
6	5	E	1	31.2	52	Beadles	decorative pave bead with dark red swarovski	sterling silver & swarovski	decorative
6	5	F	2	31.2	52	Beadles	decorative pave bead with dark and light red swarovski	sterling silver & swarovski	decorative
6	5	G	3	31.2	52	Beadles	decorative pave bead with milky turquoise swarovski	sterling silver & swarovski	decorative
6	5	H	2	31.2	52	Beadles	decorative pave bead with opalescent light blue swarovski	sterling silver & swarovski	decorative
6	5	I	2	31.2	52	Beadles	decorative pave bead with dark teal blue swarovski	sterling silver & swarovski	decorative
6	5	J	1	31.2	52	Beadles	decorative pave bead with medium blue swarovski	sterling silver & swarovski	decorative
6	6	A	1	28.8	48	Beadles	set of coreless frosted beads with swarovski, beige and brown	sterling silver & swarovski	decorative
6	6	B	1	28.8	48	Beadles	set of coreless frosted beads with swarovski, cinnamon	sterling silver & swarovski	decorative
6	6	C	1	28.8	48	Beadles	set of coreless frosted beads with swarovski, red and coral	sterling silver & swarovski	decorative
6	6	D	1	28.8	48	Beadles	set of coreless frosted beads with swarovski, brown and taupe	sterling silver & swarovski	decorative
6	6	E	1	28.8	48	Beadles	set of coreless frosted beads with swarovski, pink and white	sterling silver & swarovski	decorative
6	6	F	1	28.8	48	Beadles	set of coreless frosted beads with swarovski, pinks	sterling silver & swarovski	decorative
6	6	G	2	28.8	48	Beadles	set of coreless frosted beads with swarovski, greens	sterling silver & swarovski	decorative
6	6	H	1	28.8	48	Beadles	set of coreless frosted beads with swarovski, lavendar and yellow	sterling silver & swarovski	decorative
6	6	I	1	28.8	48	Beadles	set of coreless frosted beads with swarovski, brown, orange and beige	sterling silver & swarovski	decorative
6	6	J	2	28.8	48	Beadles	set of coreless frosted beads with swarovski, blue, grey and white	sterling silver & swarovski	decorative
6	7	A	1	42	70	Amore & Baci	decorative pave ball with black enamel hearts and clear swarovski	sterling silver & swarovski	decorative
6	7	B	1	42	70	Amore & Baci	decorative pave ball with black and clear swarovski	sterling silver & swarovski	decorative
6	7	C	1	42	70	Amore & Baci	decorative pave ball with red enamel hearts and clear swarovski	sterling silver & swarovski	decorative
6	7	D	1	42	70	Amore & Baci	decorative pave ball with purple enamel hearts and clear swarovski	sterling silver & swarovski	decorative
6	7	E	2	42	70	Amore & Baci	decorative pave ball wtih pink enamel and pink swarovski	sterling silver & swarovski	decorative
6	7	F	1	42	70	Amore & Baci	decorative pave 4 sided bead with light and dark brown swarovski	sterling silver & swarovski	decorative
6	7	G	1	42	70	Amore & Baci	decorative flower with orange, clear and champagne swarovski, gold plated	sterling silver & swarovski	decorative
6	7	H	1	42	70	Amore & Baci	decorative pave ball with blue and clear swarovski	sterling silver & swarovski	decorative
6	7	I	2	42	70	Amore & Baci	decorative pave ball with light blue and clear swarovski	sterling silver & swarovski	decorative
6	7	J	2	42	70	Amore & Baci	decorative pave ball with black swarovski	sterling silver & swarovski	decorative
7	1	A	1	42	70	Amore & Baci	decorative pave ball with purple swarovski	sterling silver & swarovski	
7	1	B	1	42	70	Amore & Baci	decorative pave ball with black and clear swarovski	sterling silver & swarovski	
7	1	C	1	42	70	Amore & Baci	decorative pave ball with champagne swarovski	sterling silver & swarovski	
7	1	D	1	42	70	Amore & Baci	decorative pave ball with brown swarovski	sterling silver & swarovski	
7	1	E	2	42	70	Amore & Baci	decorative pave ball with brown, champagne and clear swarovski	sterling silver & swarovski	
7	1	F	1	42	70	Amore & Baci	decorative pave ball with dark blue metalic swarovski	sterling silver & swarovski	
7	1	G	2	45	75	Amore & Baci	decorative pave ball with 2 tone purple and clear swarovski, heart design	sterling silver & swarovski	
7	1	H	1	45	75	Amore & Baci	decorative 2 tone purple and clear heart band	sterling silver & swarovski	
7	1	I	1	45	75	Amore & Baci	decorative pave ball with yellow, amber and clear swarovski, flower design, gold plated	sterling silver & swarovski	
7	1	J	1	52.2	87	Amore & Baci	triple heart design with 3 tone pink swarovski	sterling silver & swarovski	
7	2	A	1	52.2	87	Amore & Baci	triple heart design with clear swarovski	sterling silver & swarovski	
7	2	B	1	45	75	Amore & Baci	decorative pave ball with 2 tone pink and clear swarovski, heart design	sterling silver & swarovski	
7	2	C	1	52.2	87	Amore & Baci	triple heart design with 2 tone blue and clear swarovski	sterling silver & swarovski	
7	2	D	1	52.2	87	Amore & Baci	triple heart design with 2 tone green and clear swarovski	sterling silver & swarovski	
7	2	E	1	57	95	Amore & Baci	Letter "F" with black, clear and grey swarovski	sterling silver & swarovski	
7	2	F	1	57	95	Amore & Baci	Letter "I" with black, clear and grey swarovski	sterling silver & swarovski	
7	2	G	1	57	95	Amore & Baci	Letter "U" with black, clear and grey swarovski	sterling silver & swarovski	
7	2	H	1	33	55	Amore & Baci	green enamel bead with dark green swarovski	sterling silver & swarovski	
7	2	I	2	33	55	Amore & Baci	grey enamel bead with grey swarovski	sterling silver & swarovski	
7	2	J	3	33	55	Amore & Baci	red enamel bead with red swarovski	sterling silver & swarovski	
7	3	A	1	33	55	Amore & Baci	dark purple enamel bead with dark purple swarovski	sterling silver & swarovski	
7	3	B	1	33	55	Amore & Baci	light green enamel bead with light green swarovski	sterling silver & swarovski	
7	3	C	1	33	55	Amore & Baci	light purple enamel bead with light purple swarovski	sterling silver & swarovski	
7	3	D	2	33	55	Amore & Baci	brown enamel bead with brown swarovski	sterling silver & swarovski	
7	3	E	1	42	70	Amore & Baci	light green enamel bead with white enamel flower and yellow swarovski	sterling silver & swarovski	
7	3	F	1	42	70	Amore & Baci	olive green enamel bead with light green enamel flower and clear swarovski	sterling silver & swarovski	
7	3	G	2	42	70	Amore & Baci	light pink enamel bead with white enamel flower and pink swarovski	sterling silver & swarovski	
7	3	H	2	42	70	Amore & Baci	pink enamel bead with white enamel flower and pink swarovski	sterling silver & swarovski	
7	3	I	1	42	70	Amore & Baci	purple enamel bead with white enamel flower and purple swarovski	sterling silver & swarovski	
7	3	J	1	36	60	Moress	butterfly with clear swarovski	sterling silver & swarovski	
7	4	A	1	55.2	92	Moress	rope design with light green swarovski	sterling silver & swarovski	
7	4	B	2	36	60	Moress	ice cream sundae with brown swarovski	sterling silver & swarovski	
7	4	C	1	50.4	84	Moress	dark rhodium plated bead with fushia swarovski	sterling silver & swarovski	
7	4	D	1	46.8	78	Moress	dark rhodium plated decorative bead with fushia swarovski	sterling silver & swarovski	
7	4	E	1	46.8	78	Moress	dark rhodium plated star with fushia swarovski	sterling silver & swarovski	
7	4	F	2	75	125	Moress	dark rhodium plated plump heart and bow with orange swarovski	sterling silver & swarovski	
7	4	G	1	75	125	Moress	dark rhodium plated plump heart and bow with fushia swarovski	sterling silver & swarovski	
7	4	H	1	28.8	48	Beadles	Breast cancer heart shaped awareness ribbon with pink swarovski	sterling silver & swarovski	
7	4	I	2	36	60	Carlo Biagi	light green cubic zirconia pave	sterling silver & cubic zirconia	
7	4	J	1	36	60	Carlo Biagi	green cubic zirconia pave	sterling silver & cubic zirconia	
7	5	A	2	36	60	Carlo Biagi	medium blue cubic zirconia pave	sterling silver & cubic zirconia	
7	5	B	1	36	60	Carlo Biagi	light blue cubic zirconia pave	sterling silver & cubic zirconia	
7	5	C	1	36	60	Carlo Biagi	clear cubic zirconia pave	sterling silver & cubic zirconia	
7	5	D	1	36	60	Carlo Biagi	clear and light pink cubic zirconia pave	sterling silver & cubic zirconia	
7	5	E	2	36	60	Carlo Biagi	light pink and red cubic zirconia pave	sterling silver & cubic zirconia	
7	5	F	2	36	60	Carlo Biagi	light pink cubic zirconia pave	sterling silver & cubic zirconia	
7	5	G	2	36	60	Carlo Biagi	orange cubic zirconia pave	sterling silver & cubic zirconia	
7	5	H	1	36	60	Carlo Biagi	dark purple and clear cubic zirconia pave	sterling silver & cubic zirconia	
7	5	I	2	21.6	36	Zable	cat head	sterling silver	animals
7	5	J	2	21.6	36	Zable	cat lying down	sterling silver	animals
7	6	A	1	21.6	36	Novo	stylized cat sitting	sterling silver	animals
7	6	B	1	21.6	36	Reflections	oriental cat	sterling silver	animals
7	6	C	1	21.6	36	Reflections	birman cat	sterling silver	animals
7	6	D	1	21.6	36	Reflections	exotic short haired cat	sterling silver	animals
7	6	E	1	21.6	36	Reflections	persian cat	sterling silver	animals
7	6	F	2	21.6	36	Halia	cat, "Bastet's Emissary"	sterling silver	animals
7	6	G	3	21.6	36	Halia	wolf, "Leader of the Pack"	sterling silver	animals
7	6	H	1	21.6	36	Chamilia	cat lying cown	sterling silver	animals
7	6	I	1	21.6	36	Zable	"I love my cat"	sterling silver	animals
7	6	J	3	21.6	36	Carlo Biagi	cat, "Tennis tiger"	sterling silver	animals
7	7	A	4	21.6	36	Ohm	cat, "Maneki-neko",Japanese beckoning cat, 	sterling silver	animals
7	7	B	1	30.6	51	Novo	cougar	sterling silver	animals
7	7	C	1	21.6	36	Zable	spaniel dog	sterling silver	animals
7	7	D	1	21.6	36	Zable	chihuahua dog	sterling silver	animals
7	7	E	2	21.6	36	Carlo Biagi	puppy dog	sterling silver	animals
7	7	F	1	21.6	36	Zable	schnauzer dog	sterling silver	animals
7	7	G	1	21.6	36	Zable	boxer dog	sterling silver	animals
7	7	H	1	21.6	36	Zable	german shepherd dog	sterling silver	animals
7	7	I	2	21.6	36	Zable	westie dog	sterling silver	animals
7	7	J	3	21.6	36	Zable	rottweiler dog	sterling silver	animals
8	1	A	2	21.6	36	Zable	pomeranian dog	sterling silver	animals
8	1	B	1	21.6	36	Zable	yorkshire terrier dog	sterling silver	animals
8	1	C	2	21.6	36	Zable	poodle dog	sterling silver	animals
8	1	D	1	21.6	36	Zable	pug dog	sterling silver	animals
8	1	E	2	21.6	36	Zable	dog with bone dangle	sterling silver	animals
8	1	F	1	21.6	36	Ohm	bull terrier dog  	sterling silver	animals
8	1	G	1	21.6	36	Amore & Baci	bull dog	sterling silver	animals
8	1	H	2	21.6	36	Chamilia	dog head	sterling silver	animals
8	1	I	1	21.6	36	*	greyhound dog dangle	sterling silver	animals
8	1	J	2	21.6	36	Reflections	dog with bone in mouth	sterling silver	animals
8	2	A	2	16.2	27	Reflections	dachshund dog	sterling silver	animals
8	2	B	1	24.6	41	Reflections	rottweiler dog	sterling silver	animals
8	2	C	2	24.6	41	Reflections	rottweiler dog	sterling silver	animals
8	2	D	2	21.6	36	Halia	poodle dog	sterling silver	animals
8	2	E	1	24.6	41	Reflections	yorkshire terrier dog	sterling silver	animals
8	2	F	1	30.6	51	Reflections	miniature schnauzer dog	sterling silver	animals
8	2	G	1	24.6	41	Reflections	german shorthaired pointer dog	sterling silver	animals
8	2	H	3	21.6	36	Carlo Biagi	dog, #1 engraved on back	sterling silver	animals
8	2	I	1	21.6	36	Carlo Biagi	shih-tzu dog	sterling silver	animals
8	2	J	1	21.6	36	Halia	dog, "Puppy"	sterling silver	animals
8	3	A	1	21.6	36	Halia	bull dog, "Bull dog"	sterling silver	animals
8	3	B	1	34.8	58	Carlo Biagi	dog with bone dangle	sterling silver	animals
8	3	C	2	24	40	Moress	yorksire terrier dog	sterling silver	animals
8	3	D	1	34.8	58	Novo	wolf, "She wolf"	sterling silver	animals
8	3	E	1	23.4	39	Chamilia	dog bone dangle	sterling silver	animals
8	3	F	1	30.6	51	Novo	2 yorkshire terrier dogs	sterling silver	animals
8	3	G	1	21.6	36	Novo	"longhorn steer"	sterling silver	animals
8	3	H	2	21.6	36	Halia	horse chess piece "Knight"	sterling silver	animals
8	3	I	1	21.6	36	Zable	horse head	sterling silver	animals
8	3	J	2	21.6	36	Carlo Biagi	cartoon horse	sterling silver	animals
8	4	A	2	21.6	36	Carlo Biagi	lucky horseshoe	sterling silver	animals
8	4	B	3	21.6	36	Halia	cow	sterling silver	animals
8	4	C	1	21.6	36	Chamilia	cow	sterling silver	animals
8	4	D	1	21.6	36	Amore & Baci	bull, large	sterling silver	animals
8	4	E	1	21.6	36	Amore & Baci	bull, small	sterling silver	animals
8	4	F	1	21.6	36	Chamilia	moose	sterling silver	animals
8	4	G	1	21.6	36	Zable	moose	sterling silver	animals
8	4	H	2	21.6	36	Carlo Biagi	ram	sterling silver	animals
8	4	I	1	21.6	36	Amore & Baci	sheep	sterling silver	animals
8	4	J	1	21.6	36	Zable	howling wolf	sterling silver	animals
8	5	A	1	18	30	Ohm	schnauzer dog	sterling silver	animals
8	5	B	1	21.6	36	Ohm	cat with heart eyes, "cat in love"	sterling silver	animals
8	5	C	2	18	30	Ohm	cat in a basket	sterling silver	animals
8	5	D	1	18	30	Ohm	cartoon dog with bone in mouth	sterling silver	animals
8	5	E	1	36	60	Moress	yellow enamel pig dangle	sterling silver	animals
8	5	F	1	36	60	Moress	green enamel pig dangle	sterling silver	animals
8	5	G	1	21.6	36	Ohm	kangaroo	sterling silver	animals
8	5	H	2	21.6	36	Halia	"Kangaroo"	sterling silver	animals
8	5	I	1	21.6	36	Carlo Biagi	wallaby, kangaroo	sterling silver	animals
8	5	J	1	21.6	36	Carlo Biagi	kangaroo	sterling silver	animals
8	6	A	2	21.6	36	Carlo Biagi	hippo head	sterling silver	animals
8	6	B	1	21.6	36	Zable	hippo  	sterling silver	animals
8	6	C	2	21.6	36	Halia	hippo, "Hippopotamus"	sterling silver	animals
8	6	D	2	18	30	Ohm	hippo, "Growling Hippo"	sterling silver	animals
8	6	E	1	18	30	Ohm	rhinoceros, Baby Rhino"	sterling silver	animals
8	6	F	1	21.6	36	Zable	elephant	sterling silver	animals
8	6	G	1	21.6	36	Halia	elephant	sterling silver	animals
8	6	H	1	18	30	Reflections	elephant	sterling silver	animals
8	6	I	1	21.6	36	Zable	leopard head	sterling silver	animals
8	6	J	1	21.6	36	Zable	cougar head	sterling silver	animals
8	7	A	1	21.6	36	Amore & Baci	leopard head	sterling silver	animals
8	7	B	2	21.6	36	Carlo Biagi	lion	sterling silver	animals
8	7	C	1	21.6	36	Carlo Biagi	lion head	sterling silver	animals
8	7	D	1	21.6	36	Amore & Baci	cartoon coyote	sterling silver	animals
8	7	E	1	21.6	36	Novo	moose head	sterling silver	animals
8	7	F	1	21.6	36	Carlo Biagi	California bear	sterling silver	animals
8	7	G	1	21.6	36	Halia	koala bear	sterling silver	animals
8	7	H	4	21.6	36	Carlo Biagi	koala bear	sterling silver	animals
8	7	I	2	21.6	36	Zable	koala bear	sterling silver	animals
8	7	J	1	21.6	40	Ohm	polar bear	sterling silver	animals
9	1	A	2	21.6	36	Halia	polar bear	sterling silver	animals
9	1	B	2	21.6	36	Halia	panda bear	sterling silver	animals
9	1	C	2	21.6	36	Halia	bear paw print	sterling silver	animals
9	1	D	1		44	Novo	baby bear  	sterling silver	animals
9	1	E	1	21.6	36	Amore & Baci	teddy bear with night cap	sterling silver	animals
9	1	F	2	21.6	36	Zable	monkeys, "see no evil, hear no evil, speak no evil"	sterling silver	animals
9	1	G	1	21.6	36	Halia	monkeys, "see no evil, hear no evil, speak no evil"	sterling silver	animals
9	1	H	3	21.6	36	Carlo Biagi	monkey, "speak no evil"	sterling silver	animals
9	1	I	1	21.6	36	Amore & Baci	kangaroo mouse	sterling silver	animals
9	1	J	3	21.6	36	Halia	mouse	sterling silver	animals
9	2	A	1	18	30	Ohm	mouse	sterling silver	animals
9	2	B	1	30.6	51	Novo	squirrel with pinecone	sterling silver	animals
9	2	C	1	21.6	36	Halia	squirrel with enamel nut	sterling silver	animals
9	2	D	2	21	35	Ohm	possum	sterling silver	animals
9	2	E	4	18	30	Ohm	guinea pig	sterling silver	animals
9	2	F	2	21.6	36	Zable	cartoon bunny	sterling silver	animals
9	2	G	1	21.6	36	Carlo Biagi	rabbit	sterling silver	animals
9	2	H	2	21	35	Ohm	rabbit with flowers, "Easter bunny"	sterling silver	animals
9	2	I	1	21.6	36	Chamilia	rabbit	sterling silver	animals
9	2	J	2	24	40	Ohm	fox head	sterling silver	animals
9	3	A	2	21.6	36	Carlo Biagi	porcupine	sterling silver	animals
9	3	B	1	21.6	36	Novo	armadillo	sterling silver	animals
9	3	C	2	21.6	36	Amore & Baci	tortoise and hare	sterling silver	animals
9	3	D	2	21.6	36	Amore & Baci	frog lounging on leaf	sterling silver	animals
9	3	E	3	21.6	36	Carlo Biagi	frog on lily pad	sterling silver	animals
9	3	F	3	21.6	36	Carlo Biagi	band of frogs	sterling silver	animals
9	3	G	3	21.6	36	Carlo Biagi	toad, frog	sterling silver	animals
9	3	H	3	21.6	36	Carlo Biagi	alligator	sterling silver	animals
9	3	I	1	18	30	Ohm	crocodile	sterling silver	animals
9	3	J	1	21.6	36	Halia	alligator	sterling silver	animals
9	4	A	2	21.6	36	Carlo Biagi	turtle	sterling silver	animals
9	4	B	2	18	30	Ohm	"Cute chameleon"	sterling silver	animals
9	4	C	2	21.6	36	Carlo Biagi	bat	sterling silver	
9	4	D	3	21.6	36	Zable	snail	sterling silver	
9	4	E	3	21.6	36	Amore & Baci	snail	sterling silver	
9	4	F	2	21.6	36	Halia	snail	sterling silver	
9	4	G	2	21.6	36	Carlo Biagi	spider	sterling silver	
9	4	H	1	21.6	36	Amore & Baci	spider	sterling silver	
9	4	I	1	21.6	36	Amore & Baci	scorpion	sterling silver	
9	4	J	4	21.6	36	Carlo Biagi	bumble bee	sterling silver	
9	5	A	1	21.6	36	Halia	"Modern butterfly"	sterling silver	
9	5	B	1	21.6	36	Carlo Biagi	butterfly  	sterling silver	
9	5	C	1	21.6	36	Carlo Biagi	monarch butterfly	sterling silver	
9	5	D	1	21.6	36	Halia	butterfly, "Metamorphosis"	sterling silver	
9	5	E	1	21.6	36	Zable	butterfly	sterling silver	
9	5	F	2	21.6	36	Chamilia	snail with blue cubic zirconia	sterling silver and cubic zirconia	
9	5	G	1	21.6	36	Carlo Biagi	woodpecker	sterling silver	
9	5	H	2	21.6	36	Carlo Biagi	parrot	sterling silver	
9	5	I	4	21.6	36	Carlo Biagi	swan	sterling silver	
9	5	J	2	21.6	36	Carlo Biagi	owl	sterling silver	
9	6	A	1	18	30	Novo	"Blind owl"	sterling silver	
9	6	B	1	21.6	36	Zable	eagle head	sterling silver	
9	6	C	1	18	30	Ohm	"Scarlet macaw"	sterling silver	
9	6	D	3	21.6	36	Chamilia	"Song bird"	sterling silver	
9	6	E	1	21.6	36	Halia	eagle head, "Majestic eagle"	sterling silver	
9	6	F	1	18	30	Ohm	owl	sterling silver	
9	6	G	1	18	30	Ohm	"Budgie pet bird"	sterling silver	
9	6	H	1	21	35	Ohm	"Penguin chick"	sterling silver	
9	6	I	1	24	40	Ohm	"Pretty peacock" with gold enamel on back	sterling silver and enamel	
9	6	J	2	25.2	42	Moress	bird dangle	sterling silver	
9	7	A	1	26.4	44	Novo	"Toucan"	sterling silver	
9	7	B	1	43.2	72	Novo	"Robin on apple blossom" with swarovski crystal	sterling silver and swarovski	
9	7	C	1	33	55	Ohm	"bluebird of happiness" with blue swarovski	sterling silver and swarovski	
9	7	D	2	41.4	69	Novo	peacock with muliple colors swarovski	sterling silver and swarovski	
9	7	E	1	45	75	Chamilia	crab with blue and green swarovski	sterling silver and swarovski	
9	7	F	1	21.6	36	Novo	starfish	sterling silver	
9	7	G	2	21.6	36	Carlo Biagi	seahorse	sterling silver	
9	7	H	1	21.6	36	Carlo Biagi	seahorse	sterling silver	
9	7	I	1	21.6	36	Zable	seashell	sterling silver	
9	7	J	3	21.6	36	Halia	starfish, "	sterling silver	